{"cameraMode":{"drawMode":0,"name":"Shaded","section":"Shading Mode"},"sceneLighting":false,"audioPlay":false,"sceneViewState":{"m_AlwaysRefresh":false,"showFog":true,"showSkybox":true,"showFlares":true,"showImageEffects":true,"showParticleSystems":true,"showVisualEffectGraphs":true,"m_FxEnabled":true},"in2DMode":false,"pivot":{"x":2.25618839263916,"y":0.07399845123291016,"z":-3.6500205993652345},"rotation":{"x":-0.12038470804691315,"y":-0.25258970260620119,"z":0.031690582633018497,"w":-0.9595319032669067},"size":5.876110076904297,"orthographic":false}